
/* Phung Duy Luong - 12520250@gm.uit.edu.vn */

USE [CSS]

GO
INSERT INTO [dbo].[AgreementStatus]([StatusId],[AgreementStatus]) VALUES (1,'Draft')
INSERT INTO [dbo].[AgreementStatus]([StatusId],[AgreementStatus]) VALUES (2,'Awaiting Approval')
INSERT INTO [dbo].[AgreementStatus]([StatusId],[AgreementStatus]) VALUES (3,'Signature Required')
INSERT INTO [dbo].[AgreementStatus]([StatusId],[AgreementStatus]) VALUES (4,'Approved')
INSERT INTO [dbo].[AgreementStatus]([StatusId],[AgreementStatus]) VALUES (5,'Rejected')
INSERT INTO [dbo].[AgreementStatus]([StatusId],[AgreementStatus]) VALUES (6,'Discontinued')
INSERT INTO [dbo].[AgreementStatus]([StatusId],[AgreementStatus]) VALUES (7,'Archived')
INSERT INTO [dbo].[AgreementStatus]([StatusId],[AgreementStatus]) VALUES (8,'Overdue')

GO
INSERT INTO [dbo].[UserType]([UserType]) VALUES ('Read Only User')
INSERT INTO [dbo].[UserType]([UserType]) VALUES ('Dealer')
INSERT INTO [dbo].[UserType]([UserType]) VALUES ('Dealer Proposer')
INSERT INTO [dbo].[UserType]([UserType]) VALUES ('CSM')
INSERT INTO [dbo].[UserType]([UserType]) VALUES ('Corporate Management Team')
INSERT INTO [dbo].[UserType]([UserType]) VALUES ('Corporate Sales Administrator')
INSERT INTO [dbo].[UserType]([UserType]) VALUES ('System Admin')
INSERT INTO [dbo].[UserType]([UserType]) VALUES ('LSM')

GO
INSERT INTO [dbo].[CustomerType]([CustomerType]) VALUES ('Fleet')
INSERT INTO [dbo].[CustomerType]([CustomerType]) VALUES ('Leasing')

GO
INSERT INTO [dbo].[PostCode]([PostCode]) VALUES('RG21 3RF')
INSERT INTO [dbo].[PostCode]([PostCode]) VALUES('SO43 4TR')
INSERT INTO [dbo].[PostCode]([PostCode]) VALUES('SL7 52R')
INSERT INTO [dbo].[PostCode]([PostCode]) VALUES('AB5 7DDF')
INSERT INTO [dbo].[PostCode]([PostCode]) VALUES('SO7 8RW')
INSERT INTO [dbo].[PostCode]([PostCode]) VALUES('SW4 6FA')
INSERT INTO [dbo].[PostCode]([PostCode]) VALUES('SA8 12R')
INSERT INTO [dbo].[PostCode]([PostCode]) VALUES('AF3 TH9')
INSERT INTO [dbo].[PostCode]([PostCode]) VALUES('GT7 7DG')
INSERT INTO [dbo].[PostCode]([PostCode]) VALUES('YTQ1 8RW')

GO
INSERT INTO [dbo].[CommentType]([CommentTypeId],[CommentType]) VALUES(1,'Text')
INSERT INTO [dbo].[CommentType]([CommentTypeId],[CommentType]) VALUES(2,'Rejection Reason')
INSERT INTO [dbo].[CommentType]([CommentTypeId],[CommentType]) VALUES(3,'Internal Comment')

GO
INSERT INTO [dbo].[CostCentre]([CostCentre],[Description],[Status],[Verified])
     VALUES('NYC', ' Dealers sell car at New York ', 'Active', 00121)
INSERT INTO [dbo].[CostCentre]([CostCentre],[Description],[Status],[Verified])
     VALUES('LDC', ' Dealers sell car at Hanoi ', 'Active', 00056)
INSERT INTO [dbo].[CostCentre]([CostCentre],[Description],[Status],[Verified])
     VALUES('HNC', ' Dealers sell car at Hanoi ', 'Inactive', 00012)
INSERT INTO [dbo].[CostCentre]([CostCentre],[Description],[Status],[Verified])
     VALUES('HCMB', ' Dealers sell motorbike at Hanoi ', 'Inactive', 00001)
INSERT INTO [dbo].[CostCentre]([CostCentre],[Description],[Status],[Verified])
     VALUES('BLB', ' Dealers sell motorbike at Berlin ', 'Active', 22222)

GO
INSERT INTO [dbo].[BudgetCode]([BudgetCode],[Description],[Status],[Verified])
     VALUES('CTA', 'Spent by Current Account', 'Active', 00121)
INSERT INTO [dbo].[BudgetCode]([BudgetCode],[Description],[Status],[Verified])
     VALUES('DTA', ' Spent by Deposit Account ', 'Active', 00052)
INSERT INTO [dbo].[BudgetCode]([BudgetCode],[Description],[Status],[Verified])
     VALUES('CHA', ' Spent by Cash ', 'Inactive', 00012)
INSERT INTO [dbo].[BudgetCode]([BudgetCode],[Description],[Status],[Verified])
     VALUES('CK', ' Spent by Check ', 'Inactive', 01111)

GO
INSERT INTO [dbo].[SystemConfig]([SystemConfigId],[ConfigName]) VALUES(1,'PAYMENT TO')
INSERT INTO [dbo].[SystemConfig]([SystemConfigId],[ConfigName]) VALUES(2,'DEALER VISIBILITY')
INSERT INTO [dbo].[SystemConfig]([SystemConfigId],[ConfigName]) VALUES(3,'DISCOUNT UNIT')
INSERT INTO [dbo].[SystemConfig]([SystemConfigId],[ConfigName]) VALUES(4,'COMBINABILITY')
INSERT INTO [dbo].[SystemConfig]([SystemConfigId],[ConfigName]) VALUES(5,'TRIGGER CREDIT ')
INSERT INTO [dbo].[SystemConfig]([SystemConfigId],[ConfigName]) VALUES(6,'CRM AGREEMENT FILE LOCATION')
INSERT INTO [dbo].[SystemConfig]([SystemConfigId],[ConfigName]) VALUES(7,'FUNDING TYPE')
INSERT INTO [dbo].[SystemConfig]([SystemConfigId],[ConfigName]) VALUES(8,'FUNDING STATUS')
INSERT INTO [dbo].[SystemConfig]([SystemConfigId],[ConfigName]) VALUES(9,'ARCHIVE YEARS')
INSERT INTO [dbo].[SystemConfig]([SystemConfigId],[ConfigName]) VALUES(10,'SCHEDULED DATES')
INSERT INTO [dbo].[SystemConfig]([SystemConfigId],[ConfigName]) VALUES(11,'VOLUME DISCOUNT TYPE')
INSERT INTO [dbo].[SystemConfig]([SystemConfigId],[ConfigName]) VALUES(12,'BUSINESS AREA')
INSERT INTO [dbo].[SystemConfig]([SystemConfigId],[ConfigName]) VALUES(13,'NUMBER LEVEL')
INSERT INTO [dbo].[SystemConfig]([SystemConfigId],[ConfigName]) VALUES(14,'SIGNED CONTRACT DEFAULT')
INSERT INTO [dbo].[SystemConfig]([SystemConfigId],[ConfigName]) VALUES(15,'ORDER TYPE')
INSERT INTO [dbo].[SystemConfig]([SystemConfigId],[ConfigName]) VALUES(16,'REG TYPE')
INSERT INTO [dbo].[SystemConfig]([SystemConfigId],[ConfigName]) VALUES(17,'FUNDING MATCH BASED ON')
INSERT INTO [dbo].[SystemConfig]([SystemConfigId],[ConfigName]) VALUES(18,'COUNT AGREEMENT CREATED')
INSERT INTO [dbo].[SystemConfig]([SystemConfigId],[ConfigName]) VALUES(19,'COUNT VOLUME CREATED')
INSERT INTO [dbo].[SystemConfig]([SystemConfigId],[ConfigName]) VALUES(20,'COUNT BANDING CREATED')
INSERT INTO [dbo].[SystemConfig]([SystemConfigId],[ConfigName]) VALUES(21,'COUNT COMMENT CREATED')
INSERT INTO [dbo].[SystemConfig]([SystemConfigId],[ConfigName]) VALUES(22,'COUNT CREDIT CREATED')

GO
INSERT INTO [dbo].[SystemConfigValue]([ConfigValue],[Order],[SystemConfigId])
     VALUES ('Customer',1,1)
INSERT INTO [dbo].[SystemConfigValue]([ConfigValue],[Order],[SystemConfigId])
     VALUES ('Dealer',2,1)
INSERT INTO [dbo].[SystemConfigValue]([ConfigValue],[Order],[SystemConfigId])
     VALUES ('All',1,2)
INSERT INTO [dbo].[SystemConfigValue]([ConfigValue],[Order],[SystemConfigId])
     VALUES ('Preferred dealers only',2,2)
INSERT INTO [dbo].[SystemConfigValue]([ConfigValue],[Order],[SystemConfigId])
     VALUES ('Selected dealers only',3,2)
INSERT INTO [dbo].[SystemConfigValue]([ConfigValue],[Order],[SystemConfigId])
     VALUES ('Leasing co. preferred dealers only',4,2)
INSERT INTO [dbo].[SystemConfigValue]([ConfigValue],[Order],[SystemConfigId])
     VALUES ('£',1,3)
INSERT INTO [dbo].[SystemConfigValue]([ConfigValue],[Order],[SystemConfigId])
     VALUES ('%',2,3)
INSERT INTO [dbo].[SystemConfigValue]([ConfigValue],[Order],[SystemConfigId])
     VALUES ('Leasing campaign: In lieu of end user support', 0, 4)
INSERT INTO [dbo].[SystemConfigValue]([ConfigValue],[Order],[SystemConfigId])
     VALUES ('End user support only',1,4)
INSERT INTO [dbo].[SystemConfigValue]([ConfigValue],[Order],[SystemConfigId])
     VALUES ('Leasing support only',2,4)
INSERT INTO [dbo].[SystemConfigValue]([ConfigValue],[Order],[SystemConfigId])
     VALUES ('End user and Leasing',3,4)
INSERT INTO [dbo].[SystemConfigValue]([ConfigValue],[Order],[SystemConfigId])
     VALUES ('End of ki',1,5)
INSERT INTO [dbo].[SystemConfigValue]([ConfigValue],[Order],[SystemConfigId])
     VALUES ('End of month',2,5)
INSERT INTO [dbo].[SystemConfigValue]([ConfigValue],[Order],[SystemConfigId])
     VALUES ('End of quarter',3,5)
INSERT INTO [dbo].[SystemConfigValue]([ConfigValue],[Order],[SystemConfigId])
     VALUES ('June 30th & Dec 31st',4,5)
INSERT INTO [dbo].[SystemConfigValue]([ConfigValue],[Order],[SystemConfigId])
     VALUES ('End of calendar year',5,5)
INSERT INTO [dbo].[SystemConfigValue]([ConfigValue],[Order],[SystemConfigId])
     VALUES ('Move to next Banding',6,5)
INSERT INTO [dbo].[SystemConfigValue]([ConfigValue],[Order],[SystemConfigId])
     VALUES ('G:\Wip\Documents\Q&A',1,6)
INSERT INTO [dbo].[SystemConfigValue]([ConfigValue],[Order],[SystemConfigId])
     VALUES ('C:\Setup_Ruby\Watir',2,6)
INSERT INTO [dbo].[SystemConfigValue]([ConfigValue],[Order],[SystemConfigId])
     VALUES ('End User',1,7)
INSERT INTO [dbo].[SystemConfigValue]([ConfigValue],[Order],[SystemConfigId])
     VALUES ('Leasing',2,7)
INSERT INTO [dbo].[SystemConfigValue]([ConfigValue],[Order],[SystemConfigId])
     VALUES ('Active',1,8)
INSERT INTO [dbo].[SystemConfigValue]([ConfigValue],[Order],[SystemConfigId])
     VALUES ('InActive',2,8)
INSERT INTO [dbo].[SystemConfigValue]([ConfigValue],[Order],[SystemConfigId])
     VALUES ('60',1,9)
INSERT INTO [dbo].[SystemConfigValue]([ConfigValue],[Order],[SystemConfigId])
     VALUES ('30',2,9)
INSERT INTO [dbo].[SystemConfigValue]([ConfigValue],[Order],[SystemConfigId])
     VALUES ('Immediate',1,10)
INSERT INTO [dbo].[SystemConfigValue]([ConfigValue],[Order],[SystemConfigId])
     VALUES ('daily',2,10)
INSERT INTO [dbo].[SystemConfigValue]([ConfigValue],[Order],[SystemConfigId])
     VALUES ('weekly',3,10)
INSERT INTO [dbo].[SystemConfigValue]([ConfigValue],[Order],[SystemConfigId])
     VALUES ('None',4,10)
INSERT INTO [dbo].[SystemConfigValue]([ConfigValue],[Order],[SystemConfigId])
     VALUES ('None',1,11)
INSERT INTO [dbo].[SystemConfigValue]([ConfigValue],[Order],[SystemConfigId])
     VALUES ('Banding',2,11)
INSERT INTO [dbo].[SystemConfigValue]([ConfigValue],[Order],[SystemConfigId])
     VALUES ('Retrospective Banding',3,11)
INSERT INTO [dbo].[SystemConfigValue]([ConfigValue],[Order],[SystemConfigId])
     VALUES ('0 - 100',1,12)
INSERT INTO [dbo].[SystemConfigValue]([ConfigValue],[Order],[SystemConfigId])
     VALUES ('100+',2,12)
INSERT INTO [dbo].[SystemConfigValue]([ConfigValue],[Order],[SystemConfigId])
     VALUES ('8',1,13)
INSERT INTO [dbo].[SystemConfigValue]([ConfigValue],[Order],[SystemConfigId])
     VALUES ('Yes(Enable)',2,14)
INSERT INTO [dbo].[SystemConfigValue]([ConfigValue],[Order],[SystemConfigId])
     VALUES ('Yes(Protected)',2,14)
INSERT INTO [dbo].[SystemConfigValue]([ConfigValue],[Order],[SystemConfigId])
     VALUES ('No',2,14)
INSERT INTO [dbo].[SystemConfigValue]([ConfigValue],[Order],[SystemConfigId])
     VALUES ('Fleet',1,15)
INSERT INTO [dbo].[SystemConfigValue]([ConfigValue],[Order],[SystemConfigId])
     VALUES ('Leasing',2,15)
INSERT INTO [dbo].[SystemConfigValue]([ConfigValue],[Order],[SystemConfigId])
     VALUES ('R',1,16)
INSERT INTO [dbo].[SystemConfigValue]([ConfigValue],[Order],[SystemConfigId])
     VALUES ('P',2,16)
INSERT INTO [dbo].[SystemConfigValue]([ConfigValue],[Order],[SystemConfigId])
     VALUES ('Registration date', 0, 17)
INSERT INTO [dbo].[SystemConfigValue]([ConfigValue],[Order],[SystemConfigId])
     VALUES ('Order date', 1, 17)
INSERT INTO [dbo].[SystemConfigValue]([ConfigValue],[Order],[SystemConfigId])
     VALUES ('Created', 0, 18)
INSERT INTO [dbo].[SystemConfigValue]([ConfigValue],[Order],[SystemConfigId])
     VALUES ('Created', 0, 19)
INSERT INTO [dbo].[SystemConfigValue]([ConfigValue],[Order],[SystemConfigId])
     VALUES ('Created', 0, 20)
INSERT INTO [dbo].[SystemConfigValue]([ConfigValue],[Order],[SystemConfigId])
     VALUES ('Created', 0, 21)
INSERT INTO [dbo].[SystemConfigValue]([ConfigValue],[Order],[SystemConfigId])
     VALUES ('Created', 0, 22)


